<!--
 * ***** BEGIN LICENSE BLOCK *****
 * Zimbra Collaboration Suite Zimlets
 * Copyright (C) 2005, 2006, 2007, 2008, 2009, 2010, 2011, 2013, 2014, 2015, 2016 Synacor, Inc.
 *
 * The contents of this file are subject to the Common Public Attribution License Version 1.0 (the "License");
 * you may not use this file except in compliance with the License.
 * You may obtain a copy of the License at: https://www.zimbra.com/license
 * The License is based on the Mozilla Public License Version 1.1 but Sections 14 and 15
 * have been added to cover use of software over a computer network and provide for limited attribution
 * for the Original Developer. In addition, Exhibit A has been modified to be consistent with Exhibit B.
 *
 * Software distributed under the License is distributed on an "AS IS" basis,
 * WITHOUT WARRANTY OF ANY KIND, either express or implied.
 * See the License for the specific language governing rights and limitations under the License.
 * The Original Code is Zimbra Open Source Web Client.
 * The Initial Developer of the Original Code is Zimbra, Inc.  All rights to the Original Code were
 * transferred by Zimbra, Inc. to Synacor, Inc. on September 14, 2015.
 *
 * All portions of the code are Copyright (C) 2005, 2006, 2007, 2008, 2009, 2010, 2011, 2013, 2014, 2015, 2016 Synacor, Inc. All Rights Reserved.
 * ***** END LICENSE BLOCK *****
-->
<zimlet name="com_zimbra_phone"
        version="2.7_8.7.0.20171211.114250"
        label="${msg.label}"
        target="main view-window"
        description="${msg.description}">
	<include>phone.js</include>
	<include>templates/Phone.template.js</include>
	<handlerObject>Com_Zimbra_Phone</handlerObject>
	<serverExtension hasKeyword="phone" extensionClass="com.zimbra.cs.zimlet.handler.NANPHandler"/>
	<contentObject type="phone">
		<contextMenu>
			<menuItem label="${msg.search}" icon="Search" id="SEARCH"/>
			<menuItem label="${msg.addToContacts}" icon="NewContact" id="ADDCONTACT"/>
			<menuItem label="${msg.call}" icon="Telephone" id="CALL"/>
		</contextMenu>
		<matchOn>
            <!-- Match total 10-22 chars that start with + or +number and end with number
                to ensure we match most US and intl Phone numbers including "+"
                - Also have word-boundary inside to ignore partial-matches
                - Don't match numbers < 10
            -->
			<regex attrs="g">\(?\+?\(?\b\d(([((0-9){2,3})\(\)\.\s\-]){10,20}|\d{8})\d\b</regex>
		</matchOn>
	</contentObject>
</zimlet>
